{
  "##_COMMENT1": "Runtime",
  "##Mutect2.oncotator_docker": "(optional) String?",
  "Mutect2.gatk_docker": "broadinstitute/gatk:4.0.8.1",

  "##_COMMENT2": "Workflow options",
  "Mutect2.intervals": "gs://gatk-best-practices/somatic-b37/whole_exome_agilent_1.1_refseq_plus_3_boosters.Homo_sapiens_assembly19.baits.interval_list",
  "Mutect2.scatter_count": 50,
  "Mutect2.artifact_modes": ["G/T", "C/T"],
  "##_Mutect2.m2_extra_args": "(optional) String?",
  "##_Mutect2.m2_extra_filtering_args": "(optional) String?",
  "Mutect2.run_orientation_bias_filter": "False",
  "Mutect2.run_oncotator": "False",

  "##_COMMENT3": "Primary inputs",
  "Mutect2.ref_fasta": "gs://gatk-best-practices/somatic-b37/Homo_sapiens_assembly19.fasta",
  "Mutect2.ref_dict": "gs://gatk-best-practices/somatic-b37/Homo_sapiens_assembly19.dict",
  "Mutect2.ref_fai": "gs://gatk-best-practices/somatic-b37/Homo_sapiens_assembly19.fasta.fai",
  "Mutect2.normal_bam": "gs://gatk-best-practices/somatic-b37/HCC1143_normal.bam",
  "Mutect2.normal_bai": "gs://gatk-best-practices/somatic-b37/HCC1143_normal.bai",
  "Mutect2.tumor_bam": "gs://gatk-best-practices/somatic-b37/HCC1143.bam",
  "Mutect2.tumor_bai": "gs://gatk-best-practices/somatic-b37/HCC1143.bai",

  "##_COMMENT4": "Primary resources",
  "##_Mutect2.pon": "(optional) File?",
  "##_Mutect2.pon_index": "(optional) File?",
  "Mutect2.gnomad": "gs://gatk-best-practices/somatic-b37/af-only-gnomad.raw.sites.vcf",
  "Mutect2.gnomad_index": "gs://gatk-best-practices/somatic-b37/af-only-gnomad.raw.sites.vcf.idx",
  "Mutect2.variants_for_contamination": "gs://gatk-best-practices/somatic-b37/small_exac_common_3.vcf",
  "Mutect2.variants_for_contamination_index": "gs://gatk-best-practices/somatic-b37/small_exac_common_3.vcf.idx",
  "##Mutect2.realignment_index_bundle": "File? (optional)",

  "##_COMMENT5": "Secondary resources",
  "Mutect2.onco_ds_tar_gz": "gs://gatk-best-practices/somatic-b37/oncotator_v1_ds_April052016.tar.gz",
  "Mutect2.default_config_file": "gs://gatk-best-practices/somatic-b37/onco_config.txt",
  "##_Mutect2.sequencing_center": "(optional) String?",
  "##_Mutect2.sequence_source": "(optional) String?",

  "##_COMMENT6": "Secondary resources",
  "##_Mutect2.MergeBamOuts.mem": "(optional) Int?",
  "##_Mutect2.SplitIntervals.mem": "(optional) Int?",
  "##_Mutect2.M2.mem": "(optional) Int?",
  "##_Mutect2.MergeVCFs.mem": "(optional) Int?",
  "##_Mutect2.oncotate_m2.mem": "(optional) Int?",
      
  "##_COMMENT7": "Secondary resources",
  "##_Mutect2.onco_ds_local_db_dir": "(optional) String?",
  "##_Mutect2.sequencing_center": "(optional) String?",
  "##_Mutect2.oncotate_m2.oncotator_exe": "(optional) String?",
  "##_Mutect2.gatk4_override": "(optional) File?",
  "##_Mutect2.CollectSequencingArtifactMetrics.mem": "(optional) Int?",

  "##_COMMENT8": "Disk space",
  "##_Mutect2.MergeVCFs.disk_space_gb": "(optional) Int?",
  "##_Mutect2.Filter.disk_space_gb": "(optional) Int?",
  "##_Mutect2.M2.disk_space_gb": "(optional) Int?",
  "##_Mutect2.M2.disk_space_gb": 100,
  "##_Mutect2.oncotate_m2.disk_space_gb": "(optional) Int?",
  "##_Mutect2.SplitIntervals.disk_space_gb": "(optional) Int?",
  "##_Mutect2.MergeBamOuts.disk_space_gb": "(optional) Int?",
  "##_Mutect2.CollectSequencingArtifactMetrics.disk_space_gb": "(optional) Int?",
  "##_Mutect2.emergency_extra_disk": "(optional) Int?",  
  
  "##_COMMENT9": "Preemptibles",
  "##_Mutect2.MergeBamOuts.preemptible_attempts": "(optional) Int?",
  "Mutect2.preemptible_attempts": 3
}
